stnm,stid,name,city,rang,cdir,cnty,nlat,elon,elev,cdiv,clas,WCR05,WCS05,A05,N05,BULK5,GRAV5,SAND5,SILT5,CLAY5,TEXT5,WCR10,WCS10,A10,N10,WCR25,WCS25,A25,N25,BULK25,GRAV25,SAND25,SILT25,CLAY25,TEXT25,WCR60,WCS60,A60,N60,BULK60,GRAV60,SAND60,SILT60,CLAY60,TEXT60,WCR75,WCS75,A75,N75,BULK75,GRAV75,SAND75,SILT75,CLAY75,TEXT75,datc,datd
110,ACME,Acme,Rush Springs,4,WNW,Grady,34.808330,-98.023250,397,Central,STANDARD,0.02,0.432,0.495,1.35,1.27,0,73,19.7,7.2,Sandy loam,-999,-999,-999,-999,0.037,0.425,0.348,1.35,1.33,0,60.3,23.9,15.7,Sandy loam,0.055,0.365,0.342,1.32,1.6,0,52.5,25.9,21.5,Sandy clay loam,0.054,0.351,0.313,1.29,1.68,0,53.2,24.1,22.8,Sandy clay loam,19940101,20991231
1,ADAX,Ada,Ada,2,NNE,Pontotoc,34.798510,-96.669090,295,South Central,STANDARD,0.033,0.519,0.554,1.32,1.01,0,61.1,22,16.9,Sandy loam,-999,-999,-999,-999,0.043,0.331,0.142,1.27,1.79,0,51.1,25.4,23.5,Sandy clay loam,0.043,0.33,0.089,1.24,1.85,0,47.6,24.6,27.8,Sandy clay loam,0.044,0.334,0.083,1.22,1.86,0,43.6,26.6,29.8,Clay loam,19940101,20991231
2,ALTU,Altus,Altus,3,S,Jackson,34.587220,-99.338080,416,Southwest,STANDARD,0.061,0.399,0.108,1.31,1.57,0,23.8,40,36.2,Clay loam,-999,-999,-999,-999,0.066,0.412,0.104,1.28,1.56,0,17.8,45.2,37,Silty clay loam,0.064,0.396,0.131,1.19,1.69,0,14.3,40.9,44.8,Silty clay,0.06,0.389,0.109,1.18,1.73,0,15,40.9,44.1,Silty clay,19940101,20991231
116,ALV2,Alva,Alva,7.2,SSW,Woods,36.708230,-98.709740,439,North Central,STANDARD,0.054,0.382,0.038,1.44,1.66,0,33.3,31.4,35.3,Clay loam,-999,-999,-999,-999,0.065,0.414,0.094,1.28,1.58,0,21.2,29.7,49.1,Clay,0.073,0.398,0.228,1.2,1.64,0,19.8,29.8,50.5,Clay,-999,-999,-999,-999,-999,-999,-999,-999,-999,-999,19981217,20991231
3,ALVA,Alva,Alva,2,S,Woods,36.779700,-98.671700,450,North Central,STANDARD,-999,-999,-999,-999,-999,-999,-999,-999,-999,-999,-999,-999,-999,-999,-999,-999,-999,-999,-999,-999,-999,-999,-999,-999,-999,-999,-999,-999,-999,-999,-999,-999,-999,-999,-999,-999,-999,-999,-999,-999,-999,-999,-999,-999,19940101,19981216
135,ANT2,Antlers,Antlers,3,WNW,Pushmataha,34.249670,-95.668440,172,Southeast,STANDARD,0.024,0.365,0.074,1.49,1.45,0,55.9,35.3,8.8,Sandy loam,0.023,0.347,0.067,1.51,0.028,0.318,0.256,1.33,1.71,0,57.9,31.2,10.9,Sandy loam,0.047,0.347,0.208,1.29,1.69,0,47.7,26.8,25.5,Sandy clay loam,0.045,0.356,0.056,1.4,1.71,0,46.5,27.4,26.1,Sandy clay loam,20110415,20991231
4,ANTL,Antlers,Antlers,5,W,Pushmataha,34.224380,-95.700590,179,Southeast,STANDARD,0.011,0.457,0.761,1.65,1.19,0,77.5,14.8,7.7,Sandy loam,-999,-999,-999,-999,0.008,0.435,0.731,1.63,1.26,0,78,16.3,5.7,Loamy sand,0.013,0.271,0.289,1.36,1.92,0,76.8,16.3,6.9,Sandy loam,0.018,0.273,0.348,1.36,1.95,0,80,8.8,11.3,Sandy loam,19940101,20110414
111,APAC,Apache,Apache,4,ENE,Caddo,34.914180,-98.292160,440,Southwest,STANDARD,0.022,0.409,0.491,1.38,1.41,0,76.9,11.3,11.9,Sandy loam,-999,-999,-999,-999,0.038,0.393,0.355,1.36,1.48,0,59.4,19.4,21.3,Sandy clay loam,0.057,0.389,0.12,1.31,1.59,0,31.6,33.9,34.5,Clay loam,0.06,0.382,0.145,1.24,1.66,0,32.3,28.8,38.8,Clay loam,19940101,20991231
126,ARD2,Ardmore,Ardmore,3.5,ENE,Carter,34.192580,-97.085680,266,South Central,STANDARD,0.065,0.446,0.369,1.36,1.29,0,33.6,34.1,32.2,Clay loam,-999,-999,-999,-999,0.064,0.414,0.115,1.3,1.52,0,27,33.7,39.4,Clay loam,0.071,0.416,0.163,1.18,1.63,0,11.2,33.8,54.9,Clay,0.066,0.406,0.131,1.18,1.67,0,11.3,35.7,53,Clay,20040223,20991231
5,ARDM,Ardmore,Ardmore,3,ENE,Carter,34.192200,-97.085000,266,South Central,ENHANCED,-999,-999,-999,-999,-999,-999,-999,-999,-999,-999,-999,-999,-999,-999,-999,-999,-999,-999,-999,-999,-999,-999,-999,-999,-999,-999,-999,-999,-999,-999,-999,-999,-999,-999,-999,-999,-999,-999,-999,-999,-999,-999,-999,-999,19940101,20040218
6,ARNE,Arnett,Arnett,8,WSW,Ellis,36.072040,-99.903080,719,Panhandle,STANDARD,0.037,0.372,0.146,1.38,1.53,0,45.5,31.1,23.4,Loam,-999,-999,-999,-999,0.047,0.419,0.288,1.36,1.35,0,36.9,35.7,27.4,Clay loam,0.055,0.406,0.332,1.36,1.43,0,38.8,30.6,30.6,Clay loam,0.055,0.396,0.312,1.35,1.48,0,43.3,26.8,30,Clay loam,19940101,20991231
7,BBOW,Broken Bow,Broken Bow,7,E,McCurtain,34.014400,-94.613100,113,Southeast,STANDARD,-999,-999,-999,-999,-999,-999,-999,-999,-999,-999,-999,-999,-999,-999,-999,-999,-999,-999,-999,-999,-999,-999,-999,-999,-999,-999,-999,-999,-999,-999,-999,-999,-999,-999,-999,-999,-999,-999,-999,-999,-999,-999,-999,-999,19940101,20021119
8,BEAV,Beaver,Beaver,1,SSW,Beaver,36.802530,-100.530120,758,Panhandle,CONTINUITY,0.043,0.389,0.146,1.37,1.47,0,40.6,35.1,24.3,Loam,-999,-999,-999,-999,0.052,0.427,0.193,1.36,1.34,0,29,41,30.1,Clay loam,0.079,0.406,0.48,1.45,1.41,0,32.2,37.1,30.7,Clay loam,0.053,0.404,0.215,1.34,1.45,0,35.1,33.1,31.8,Clay loam,19940101,20991231
119,BEEX,Bee,Tishomingo,3.8,SE,Johnston,34.191210,-96.643860,196,South Central,STANDARD,-999,-999,-999,-999,-999,-999,-999,-999,-999,-999,-999,-999,-999,-999,-999,-999,-999,-999,-999,-999,-999,-999,-999,-999,-999,-999,-999,-999,-999,-999,-999,-999,-999,-999,-999,-999,-999,-999,-999,-999,-999,-999,-999,-999,20010401,20050713
9,BESS,Bessie,Bessie,4,WNW,Washita,35.401850,-99.058470,511,West Central,STANDARD,0.047,0.413,0.125,1.39,1.36,0,26,50.5,23.6,Silt loam,-999,-999,-999,-999,0.038,0.423,0.382,1.37,1.24,0,32.1,50.3,17.6,Silt loam,-999,-999,-999,-999,-999,-999,-999,-999,-999,-999,-999,-999,-999,-999,-999,-999,-999,-999,-999,-999,19940101,20991231
10,BIXB,Bixby,Bixby,2,NE,Tulsa,35.963050,-95.866210,184,Northeast,STANDARD,0.025,0.45,0.063,1.51,1.02,0,43.6,49.5,6.9,Sandy loam,-999,-999,-999,-999,0.023,0.347,0.174,1.39,1.48,0,36.7,53.2,10,Silt loam,0.031,0.356,0.081,1.46,1.51,0,28.6,57.6,13.8,Silt loam,0.039,0.372,0.042,1.59,1.51,0,36.7,47,16.3,Loam,19940101,20991231
11,BLAC,Blackwell,Blackwell,4,SSE,Kay,36.754430,-97.254520,304,North Central,STANDARD,0.057,0.408,0.149,1.33,1.43,0,27.8,49.2,23,Loam,-999,-999,-999,-999,0.068,0.446,0.07,1.41,1.39,0,17.5,44.8,37.8,Silty clay loam,0.062,0.397,0.102,1.26,1.63,0,20,40.3,39.7,-999,-999,-999,-999,-999,-999,-999,-999,-999,-999,-999,19940101,20991231
12,BOIS,Boise City,Boise City,3,SSE,Cimarron,36.692560,-102.497130,1267,Panhandle,STANDARD,0.092,0.488,0.447,1.35,1.23,0,35,23.8,41.2,Clay,-999,-999,-999,-999,0.084,0.448,0.226,1.23,1.46,0,19.7,30.2,50.1,Clay,0.081,0.42,0.248,1.17,1.59,0,9.9,42.8,47.3,Silty clay,-999,-999,-999,-999,-999,-999,-999,-999,-999,-999,19940101,20991231
13,BOWL,Bowlegs,Bowlegs,3,NE,Seminole,35.171560,-96.631210,281,Central,STANDARD,0.021,0.428,0.246,1.35,1.23,0,58,28.8,13.2,Sandy loam,-999,-999,-999,-999,0.044,0.356,0.125,1.33,1.67,0,47.2,26.4,26.4,Sandy clay loam,0.057,0.38,0.106,1.26,1.67,0,31.4,31.5,37.1,Clay loam,0.059,0.376,0.14,1.25,1.67,0,26.8,35.3,37.9,Clay loam,19940101,20181030
14,BREC,Breckinridge,Breckinridge,3,SE,Garfield,36.412010,-97.693940,352,North Central,STANDARD,0.058,0.421,0.093,1.39,1.4,0,18.8,57.1,24.1,Silt loam,-999,-999,-999,-999,0.091,0.461,0.232,1.23,1.41,0,8.1,48.5,43.4,Silty clay,0.075,0.443,0.147,1.16,1.56,0,11.7,43.5,44.8,Silty clay,0.077,0.418,0.24,1.14,1.62,0,14.4,42.1,43.4,Silty clay,19940101,20991231
15,BRIS,Bristow,Bristow,4,SE,Creek,35.780500,-96.354040,239,Central,STANDARD,0.025,0.453,0.391,1.34,1.27,0,64.3,11.9,23.9,Sandy clay loam,-999,-999,-999,-999,0.032,0.36,0.109,1.41,1.54,0,46.4,34.7,18.9,Loam,0.037,0.369,0.089,1.43,1.53,0,41.2,36.7,22.1,Loam,0.039,0.365,0.075,1.45,1.57,0,41.9,36,22.1,Loam,19940101,20991231
124,BROK,Broken Bow,Broken Bow,6.5,E,McCurtain,34.043300,-94.624400,113,Southeast,STANDARD,0.021,0.358,0.139,1.42,1.45,0,45.4,40.8,13.8,Loam,-999,-999,-999,-999,0.046,0.372,0.148,1.35,1.56,0,31.8,41,27.2,Clay loam,0.053,0.365,0.116,1.28,1.7,0,31.1,34.1,34.8,Clay loam,0.051,0.365,0.083,1.31,1.7,0,32.1,34.2,33.6,Clay loam,20030404,20991231
16,BUFF,Buffalo,Buffalo,0.5,SW,Harper,36.831290,-99.641010,559,Panhandle,STANDARD,0.031,0.375,0.131,1.41,1.44,0,31.8,48,20.2,Loam,-999,-999,-999,-999,0.033,0.368,0.114,1.42,1.48,0,24.8,53.1,22.1,Silt loam,0.059,0.418,0.241,1.34,1.38,0,22.1,45.3,32.6,Clay loam,0.059,0.403,0.132,1.34,1.5,0,22.4,44.5,33.1,Clay loam,19940101,20991231
17,BURB,Burbank,Burbank,7,SW,Osage,36.634590,-96.810460,301,Northeast,STANDARD,0.051,0.425,0.048,1.56,1.34,0,20.1,53.9,26,Silt loam,-999,-999,-999,-999,0.054,0.421,0.067,1.47,1.4,0,17,51.4,31.7,Silty clay loam,0.069,0.425,0.099,1.3,1.52,0,12.2,44.2,43.6,Silty clay,0.076,0.419,0.2,1.26,1.52,0,12.8,42.3,44.9,Silty clay,19940101,20991231
18,BURN,Burneyville,Burneyville,2,SE,Love,33.893760,-97.269180,228,South Central,STANDARD,0.018,0.331,0.36,1.38,1.63,0,67.4,23.2,9.4,Sandy loam,-999,-999,-999,-999,0.02,0.344,0.208,1.38,1.57,0,64.2,24.5,11.3,Sandy loam,0.025,0.326,0.533,1.48,1.67,0,68.7,21.3,10,Sandy loam,0.019,0.344,0.427,1.39,1.61,0,75.6,16.3,8.1,Sandy loam,19940101,20991231
19,BUTL,Butler,Butler,5,SW,Custer,35.591500,-99.270590,520,West Central,STANDARD,0.072,0.479,0.571,1.55,1.09,0,15.6,52,32.3,Silty clay loam,-999,-999,-999,-999,0.051,0.426,0.105,1.42,1.35,0,7.8,57.2,35,Silty clay loam,0.073,0.418,0.152,1.22,1.6,0,3.3,46.7,49.9,Silty clay,0.056,0.358,0.182,1.25,1.71,0,14.2,51.5,34.3,Silty clay loam,19940101,20991231
20,BYAR,Byars,Byars,3,ESE,Garvin,34.849700,-97.003300,345,South Central,STANDARD,0.021,0.36,0.207,1.38,1.55,0,68.6,17.6,13.8,Sandy loam,-999,-999,-999,-999,0.049,0.37,0.204,1.31,1.62,0,53.6,17.8,28.6,Sandy clay loam,0.05,0.337,0.234,1.25,1.8,0,57.4,10.2,32.4,Sandy clay loam,0.048,0.328,0.217,1.23,1.85,0,57.8,8.9,33.2,Sandy clay loam,19940101,20991231
21,CALV,Calvin,Calvin,5,WNW,Hughes,34.992400,-96.334220,234,East Central,STANDARD,-999,-999,-999,-999,-999,-999,-999,-999,-999,-999,-999,-999,-999,-999,-999,-999,-999,-999,-999,-999,-999,-999,-999,-999,-999,-999,-999,-999,-999,-999,-999,-999,-999,-999,-999,-999,-999,-999,-999,-999,-999,-999,-999,-999,19940101,20090318
22,CAMA,Camargo,Camargo,4,WNW,Dewey,36.028660,-99.346520,589,West Central,STANDARD,0.031,0.372,0.263,1.37,1.46,0,41.7,39.3,19,Loam,-999,-999,-999,-999,0.036,0.379,0.483,1.45,1.46,0,48.7,30.4,20.9,Loam,0.031,0.415,0.469,1.41,1.34,0,49.5,26.5,24,Sandy clay loam,0.031,0.403,0.48,1.42,1.39,0,54.5,24,21.5,Sandy clay loam,19940101,20991231
131,CARL,Lake Carl Blackwell,Orlando,5,E,Payne,36.147300,-97.285850,293,Central,STANDARD,0.029,0.411,0.305,1.37,1.3,0,34.9,41.1,24,Loam,-999,-999,-999,-999,0.054,0.424,0.105,1.39,1.39,0,28.7,37.6,33.7,Clay loam,0.064,0.403,0.127,1.28,1.56,0,21.9,42.3,35.9,Clay loam,0.059,0.384,0.115,1.28,1.64,0,22,43.5,34.5,Clay loam,20080301,20991231
112,CATO,Catoosa,Catoosa,4.7,NNW,Rogers,36.261900,-95.757200,232,Northeast,STANDARD,-999,-999,-999,-999,-999,-999,-999,-999,-999,-999,-999,-999,-999,-999,-999,-999,-999,-999,-999,-999,-999,-999,-999,-999,-999,-999,-999,-999,-999,-999,-999,-999,-999,-999,-999,-999,-999,-999,-999,-999,-999,-999,-999,-999,19960618,20010418
23,CENT,Centrahoma,Centrahoma,1,E,Coal,34.608960,-96.333090,208,South Central,STANDARD,0.031,0.366,0.099,1.42,1.5,0,50.9,35.9,13.2,Loam,-999,-999,-999,-999,0.031,0.355,0.276,1.37,1.53,0,44.8,37,18.2,Loam,0.053,0.376,0.035,1.43,1.7,0,31,34.2,34.8,Clay loam,0.055,0.364,0.143,1.23,1.71,0,36.1,29.7,34.2,Clay loam,19940101,20991231
24,CHAN,Chandler,Sparks,3,NNE,Lincoln,35.652820,-96.804070,291,Central,STANDARD,0.025,0.38,0.402,1.37,1.5,0,75.5,15.7,8.8,Sandy loam,-999,-999,-999,-999,0.042,0.345,0.177,1.3,1.72,0,57.9,17.7,24.5,Sandy clay loam,-999,-999,-999,-999,-999,-999,-999,-999,-999,-999,-999,-999,-999,-999,-999,-999,-999,-999,-999,-999,19940101,20991231
25,CHER,Cherokee,Cherokee,0.5,SSW,Alfalfa,36.748130,-98.362740,362,North Central,STANDARD,0.024,0.36,0.191,1.39,1.46,0,40.6,43.6,15.8,Loam,-999,-999,-999,-999,0.028,0.352,0.114,1.43,1.52,0,34.9,45.5,19.6,Loam,0.03,0.401,0.34,1.38,1.33,0,36.1,40.5,23.4,Loam,0.029,0.394,0.368,1.39,1.36,0,37.9,39.9,22.2,Loam,19940101,20991231
26,CHEY,Cheyenne,Cheyenne,6,SW,Roger Mills,35.546150,-99.727900,694,West Central,STANDARD,0.039,0.377,0.176,1.36,1.5,0,40.3,35.8,23.9,Loam,-999,-999,-999,-999,0.045,0.433,0.319,1.36,1.31,0,41,30.8,28.3,Clay loam,0.066,0.424,0.198,1.32,1.42,0,24.8,37.9,37.3,Clay loam,0.064,0.423,0.303,1.35,1.38,0,26,38.6,35.4,Clay loam,19940101,20991231
27,CHIC,Chickasha,Chickasha,2,SSE,Grady,35.032360,-97.914460,328,Central,STANDARD,0.062,0.484,0.07,1.48,1.16,0,10.8,53.9,35.3,Silty clay loam,-999,-999,-999,-999,0.079,0.428,0.259,1.28,1.43,0,8.9,56.5,34.6,Silty clay loam,0.09,0.431,0.289,1.23,1.49,0,5.8,51.6,42.6,Silty clay,0.085,0.398,0.366,1.14,1.69,0,3.9,46.1,50,Silty clay,19940101,20991231
28,CLAR,Claremore,Claremore,1,WNW,Rogers,36.317200,-95.641700,213,Northeast,STANDARD,0.05,0.446,0.064,1.48,1.26,0,36.8,37.8,25.4,Loam,0.061,0.433,0.072,1.42,0.075,0.453,0.04,1.45,1.46,0,12.5,50.1,37.4,Silty clay loam,0.06,0.382,0.015,1.76,1.76,0,14.2,64.3,21.5,Silt loam,-999,-999,-999,-999,-999,-999,-999,-999,-999,-999,19940101,20020707
29,CLAY,Clayton,Clayton,3,NNE,Pushmataha,34.656570,-95.325960,186,Southeast,STANDARD,0.031,0.431,0.27,1.36,1.23,0,37.2,40.6,22.2,Loam,-999,-999,-999,-999,0.037,0.454,0.233,1.36,1.16,0,26.6,44.6,28.9,Clay loam,-999,-999,-999,-999,-999,-999,-999,-999,-999,-999,-999,-999,-999,-999,-999,-999,-999,-999,-999,-999,19940101,20991231
30,CLOU,Cloudy,Cloudy,5,SSE,Pushmataha,34.223210,-95.248700,221,Southeast,STANDARD,0.032,0.358,0.026,1.8,1.5,0,36.6,54,9.4,Silt loam,-999,-999,-999,-999,0.031,0.359,0.091,1.45,1.51,0,31.5,50.2,18.2,Silt loam,0.085,0.385,0.388,1.29,1.57,0,19.4,42.8,37.8,Silty clay loam,-999,-999,-999,-999,-999,-999,-999,-999,-999,-999,19940101,20991231
122,CLRM,Claremore,Claremore,1.8,WNW,Rogers,36.321120,-95.646170,207,Northeast,STANDARD,-999,-999,-999,-999,-999,-999,-999,-999,-999,-999,-999,-999,-999,-999,-999,-999,-999,-999,-999,-999,-999,-999,-999,-999,-999,-999,-999,-999,-999,-999,-999,-999,-999,-999,-999,-999,-999,-999,-999,-999,-999,-999,-999,-999,20020711,20140501
31,COOK,Cookson,Marble City,7,NNW,Cherokee,35.680010,-94.848960,299,East Central,STANDARD,0.029,0.464,0.081,1.46,1.03,0,36.2,46.1,17.6,Loam,-999,-999,-999,-999,0.03,0.389,0.078,1.49,1.35,0,21,60.8,18.2,Silt loam,-999,-999,-999,-999,-999,-999,-999,-999,-999,-999,-999,-999,-999,-999,-999,-999,-999,-999,-999,-999,19940101,20991231
32,COPA,Copan,Copan,2,ENE,Washington,36.909870,-95.885530,250,Northeast,STANDARD,0.037,0.387,0.105,1.42,1.45,0,44.6,33.4,22,Loam,-999,-999,-999,-999,0.093,0.485,0.566,1.81,1.12,0,28.9,35.6,35.6,Clay loam,0.053,0.417,0.129,1.34,1.47,0,49.4,17.1,33.5,Sandy clay loam,0.06,0.389,0.259,1.28,1.59,0,54.7,13.8,31.5,Sandy clay loam,19940101,20991231
33,DURA,Durant,Durant,6,SSE,Bryan,33.920750,-96.320270,197,South Central,STANDARD,0.046,0.402,0.092,1.41,1.45,0,41.9,30.9,27.1,Clay loam,-999,-999,-999,-999,0.046,0.381,0.266,1.35,1.51,0,44.3,29.1,26.6,Loam,0.072,0.475,0.106,1.16,1.49,0,17.8,19.3,63,Clay,0.069,0.437,0.137,1.15,1.6,0,19.9,21.8,58.3,Clay,19940101,20991231
139,ELKC,Elk City,Elk City,5,S,Beckham,35.333530,-99.393980,584,West Central,STANDARD,0.036,0.386,0.173,1.37,1.44,0,48.7,35.5,15.8,Loam,0.038,0.383,0.272,1.35,0.051,0.421,0.31,1.35,1.35,0,38.5,34.7,26.8,Loam,0.06,0.393,0.346,1.34,1.49,0,43.5,29,27.4,Clay loam,-999,-999,-999,-999,-999,-999,-999,-999,-999,-999,20150610,20991231
34,ELRE,El Reno,El Reno,5,WNW,Canadian,35.548480,-98.036540,419,Central,STANDARD,0.08,0.459,0.011,2.3,1.34,0,16.3,60.9,22.8,Silt loam,-999,-999,-999,-999,0.05,0.403,0.061,1.49,1.47,0,11.6,59.8,28.6,Silty clay loam,0.069,0.405,0.146,1.23,1.62,0,9.2,47.7,43.2,Silty clay,0.104,0.509,0.146,1.33,-999,0,5.3,44.1,50.6,Silty clay,19940101,20991231
35,ERIC,Erick,Erick,4,ESE,Beckham,35.204940,-99.803440,603,West Central,STANDARD,0.026,0.39,0.493,1.41,1.43,0,63.5,22.6,13.8,Sandy loam,-999,-999,-999,-999,0.027,0.378,0.3,1.37,1.46,0,57.4,26.3,16.3,Sandy loam,0.043,0.389,0.169,1.36,1.47,0,42.2,33.9,23.9,Loam,0.048,0.386,0.091,1.39,1.53,0,37.6,35.3,27.1,Clay loam,19940101,20991231
36,EUFA,Eufaula,Eufaula,4,WNW,McIntosh,35.303240,-95.657070,200,East Central,STANDARD,0.048,0.368,0.016,1.91,1.62,0,36,53.2,10.8,Silt loam,-999,-999,-999,-999,0.063,0.41,0.07,1.26,1.63,0,19.8,40,40.2,Silty clay,0.063,0.339,0.111,1.36,1.78,0,19.3,52.5,28.2,Silty clay loam,0.065,0.339,0.108,1.35,1.8,0,14.1,56.4,29.5,Silty clay loam,19940101,20991231
141,EVAX,Eva,Eva,12,NE,Texas,36.921853,-101.781580,1065,Panhandle,STANDARD,-999,-999,-999,-999,-999,-999,-999,-999,-999,-999,-999,-999,-999,-999,-999,-999,-999,-999,-999,-999,-999,-999,-999,-999,-999,-999,-999,-999,-999,-999,-999,-999,-999,-999,-999,-999,-999,-999,-999,-999,-999,-999,-999,-999,20160517,20991231
37,FAIR,Fairview,Fairview,1,W,Major,36.263530,-98.497660,405,North Central,STANDARD,0.036,0.407,0.151,1.4,1.34,0,18.6,51.7,29.8,Silty clay loam,-999,-999,-999,-999,0.049,0.411,0.089,1.43,1.42,0,17.8,47.8,34.4,Silty clay loam,0.068,0.421,0.16,1.31,1.47,0,13,43.5,43.5,Silty clay,0.065,0.384,0.16,1.21,1.71,0,8,41.8,50.2,Silty clay,19940101,20991231
127,FITT,Fittstown,Fittstown,6.3,SW,Pontotoc,34.552050,-96.717790,350,South Central,STANDARD,0.033,0.425,0.323,1.35,1.33,0,59,22.7,18.3,Sandy loam,-999,-999,-999,-999,0.06,0.439,0.48,1.39,1.36,0,56.8,16.5,26.7,Sandy clay loam,0.052,0.387,0.068,1.2,1.73,0,48.1,1.9,50,Sandy clay,0.047,0.37,0.047,1.26,1.76,0,57.1,0.6,42.3,Sandy clay,20050512,20991231
38,FORA,Foraker,Foraker,8,ESE,Osage,36.840530,-96.427770,330,Northeast,STANDARD,0.035,0.456,0.115,1.4,1.15,0,46.2,34.2,19.6,Loam,-999,-999,-999,-999,0.044,0.421,0.139,1.38,1.36,0,45.3,28.6,26.1,Loam,0.043,0.369,0.065,1.41,1.64,0,58.9,17.1,24,Sandy clay loam,-999,-999,-999,-999,-999,-999,-999,-999,-999,-999,19940101,20991231
39,FREE,Freedom,Freedom,3,SSW,Woodward,36.725620,-99.142340,530,North Central,STANDARD,0.042,0.44,0.178,1.38,1.2,0,17.3,59.9,22.7,Silt loam,-999,-999,-999,-999,0.033,0.467,0.337,1.36,1.06,0,15.5,59.9,24.6,Silt loam,0.077,0.431,0.442,1.4,1.31,0,17.8,50.6,31.6,Silty clay loam,0.074,0.411,0.315,1.32,1.44,0,10.5,53.6,35.9,Silty clay loam,19940101,20991231
40,FTCB,Fort Cobb,Fort Cobb,4,NNW,Caddo,35.148870,-98.466070,422,Southwest,STANDARD,0.027,0.441,0.679,1.51,1.32,0,78.1,8.8,13.1,Sandy loam,-999,-999,-999,-999,0.045,0.436,0.504,1.38,1.4,0,73,5,22,Sandy clay loam,0.036,0.343,0.36,1.35,1.73,0,77.4,3.8,18.9,Sandy loam,0.027,0.286,0.337,1.33,1.93,0,79.3,6.9,13.8,Sandy loam,19940101,20991231
41,GOOD,Goodwell,Goodwell,2,E,Texas,36.601830,-101.601300,997,Panhandle,STANDARD,0.054,0.424,0.2,1.34,1.37,0,36.6,34.6,28.8,Clay loam,-999,-999,-999,-999,0.064,0.41,0.149,1.3,1.51,0,28.2,34,37.8,Clay loam,0.087,0.419,0.453,1.39,1.42,0,34.8,29.4,35.8,Clay loam,-999,-999,-999,-999,-999,-999,-999,-999,-999,-999,19940101,20991231
117,GRA2,Grandfield,Grandfield,3.3,W,Tillman,34.239444,-98.743583,341,Southwest,STANDARD,0.088,0.462,0.307,1.3,1.28,0,15.7,55.3,29,Silty clay loam,-999,-999,-999,-999,0.081,0.378,0.138,1.29,1.71,0,13.6,43.2,43.2,Silty clay,0.074,0.35,0.154,1.25,1.8,0,16.9,41.9,41.2,Silty clay,0.072,0.341,0.16,1.24,1.83,0,17.5,42.2,40.3,Silty clay,19990401,20991231
42,GRAN,Grandfield,Grandfield,3,WNW,Tillman,34.239200,-98.739700,342,Southwest,STANDARD,-999,-999,-999,-999,-999,-999,-999,-999,-999,-999,-999,-999,-999,-999,-999,-999,-999,-999,-999,-999,-999,-999,-999,-999,-999,-999,-999,-999,-999,-999,-999,-999,-999,-999,-999,-999,-999,-999,-999,-999,-999,-999,-999,-999,19940101,19990316
43,GUTH,Guthrie,Guthrie,4,WSW,Logan,35.848910,-97.479780,330,Central,STANDARD,0.04,0.354,0.113,1.36,1.65,0,47,28.4,24.6,Loam,-999,-999,-999,-999,0.056,0.378,0.081,1.32,1.67,0,19.7,44.6,35.7,Silty clay loam,-999,-999,-999,-999,-999,-999,-999,-999,-999,-999,-999,-999,-999,-999,-999,-999,-999,-999,-999,-999,19940101,20991231
44,HASK,Haskell,Haskell,5,SSE,Muskogee,35.747980,-95.640470,183,East Central,STANDARD,0.071,0.425,0.01,2.35,1.56,0,10.1,74.2,15.7,Silt loam,-999,-999,-999,-999,0.04,0.396,0.036,1.7,1.41,0,10.5,73.8,15.8,Silt loam,0.061,0.423,0.092,1.39,1.44,0,6.6,61.8,31.6,Silty clay loam,0.071,0.444,0.053,1.24,1.61,0,3.5,50.2,46.3,Silty clay,19940101,20991231
113,HECT,Hectorville,Hectorville,4.1,W,Okmulgee,35.841620,-96.002400,243,East Central,STANDARD,0.028,0.362,0.072,1.49,1.51,0,52.5,33.6,13.9,Sandy loam,-999,-999,-999,-999,0.026,0.455,0.605,1.4,1.22,0,67,20.2,12.8,Sandy loam,0.046,0.389,0.488,1.42,1.52,0,63.3,13.9,22.8,Sandy clay loam,0.078,0.498,0.051,1.26,1.42,0,7.1,29.7,63.2,Clay,19960618,20991231
45,HINT,Hinton,Hinton,7,W,Caddo,35.484390,-98.481510,493,Southwest,STANDARD,0.024,0.433,0.668,1.5,1.29,0,73,16.9,10,Sandy loam,-999,-999,-999,-999,0.03,0.426,0.651,1.56,1.35,0,75.5,12.5,11.9,Sandy loam,0.028,0.377,0.538,1.45,1.51,0,73,15,11.9,Sandy loam,0.024,0.335,0.387,1.38,1.67,0,75,15.6,9.4,Sandy loam,19940101,20991231
46,HOBA,Hobart,Hobart,4,SE,Kiowa,34.989710,-99.052830,473,Southwest,CONTINUITY,0.055,0.436,0.106,1.4,1.31,0,11,63.5,25.4,Silt loam,-999,-999,-999,-999,0.085,0.457,0.172,1.2,1.46,0,5.4,60.3,34.3,Silty clay loam,0.075,0.407,0.225,1.16,1.65,0,8.4,48.4,43.2,Silty clay,0.095,0.401,0.416,1.17,1.63,0,8.5,48.3,43.2,Silty clay,19940101,20991231
134,HOLD,Holdenville,Holdenville,3,ESE,Hughes,35.070730,-96.355950,280,East Central,STANDARD,0.055,0.402,0.032,1.61,1.5,0,27.2,49.2,23.6,Loam,0.057,0.408,0.031,1.64,0.054,0.396,0.04,1.54,1.53,0,24.9,50.2,24.9,Silt loam,0.064,0.418,0.045,1.3,1.62,0,19.7,40,40.3,Silty clay,0.067,0.432,0.038,1.33,1.59,0,17.2,39.8,43,Clay,20090529,20991231
47,HOLL,Hollis,Gould,3,W,Harmon,34.685500,-99.833310,497,Southwest,STANDARD,0.073,0.432,0.143,1.26,1.5,0,20.7,35.2,44.1,Clay,-999,-999,-999,-999,0.067,0.391,0.186,1.17,1.7,0,18.1,30.1,51.8,Clay,0.072,0.414,0.172,1.19,1.62,0,15.5,30.7,53.8,Clay,0.08,0.404,0.277,1.16,1.66,0,12.1,31.8,56,Clay,19940101,20991231
48,HOOK,Hooker,Hooker,1,W,Texas,36.855180,-101.225470,912,Panhandle,STANDARD,0.043,0.382,0.186,1.36,1.48,0,36.4,38.8,24.8,Loam,-999,-999,-999,-999,0.057,0.366,0.156,1.24,1.7,0,35.1,29.5,35.4,Clay loam,0.08,0.431,0.203,1.24,1.5,0,11,47.1,41.9,Silty clay,0.096,0.473,0.261,1.18,1.41,0,7.5,48.2,44.3,Silty clay,19940101,20991231
49,HUGO,Hugo,Hugo,2,NW,Choctaw,34.030840,-95.540110,175,Southeast,STANDARD,0.034,0.407,0.077,1.48,1.31,0,34.9,47,18.2,Loam,-999,-999,-999,-999,0.066,0.416,0.02,1.59,1.59,0,26.6,37.7,35.7,Clay loam,0.091,0.421,0.17,1.24,1.59,0,14.4,29.6,56,Clay,0.077,0.465,0.14,1.18,1.48,0,15.5,27.1,57.4,Clay,19940101,20991231
50,IDAB,Idabel,Idabel,5,SW,McCurtain,33.830130,-94.880300,110,Southeast,STANDARD,0.06,0.419,0.091,1.39,1.47,0,1.5,67.5,30.9,Silty clay loam,-999,-999,-999,-999,0.111,0.541,0.302,1.25,1.17,0,5,32.1,62.9,Clay,0.081,0.498,0.113,1.19,1.41,0,4.6,27.7,67.7,Clay,0.107,0.481,0.36,1.17,1.42,0,4.9,27.6,67.5,Clay,19940101,20991231
120,INOL,Inola,Inola,3.1,ESE,Rogers,36.142460,-95.450670,190,Northeast,STANDARD,0.051,0.406,0.043,1.55,1.42,0,33.4,48.2,18.4,Loam,-999,-999,-999,-999,0.078,0.508,0.231,1.32,1.14,0,20.7,37.5,41.9,Clay,0.077,0.498,0.025,1.34,1.45,0,5.6,21.7,72.8,Clay,0.076,0.444,0.159,1.2,1.52,0,18,28.6,53.4,Clay,20011201,20991231
51,JAYX,Jay,Jay,4,N,Delaware,36.482100,-94.782870,304,Northeast,STANDARD,0.058,0.406,0.015,2.05,1.56,0,7.4,74.5,18.1,Silt loam,-999,-999,-999,-999,0.05,0.356,0.023,1.57,1.88,0,6.7,70.8,22.5,Silt loam,0.082,0.488,0.054,1.3,1.42,0,4,44.3,51.8,Silty clay,0.094,0.445,0.14,1.32,1.52,0,7.2,42.3,50.4,Silty clay,19940101,20991231
52,KENT,Kenton,Kenton,5,SE,Cimarron,36.829370,-102.878200,1322,Panhandle,STANDARD,0.09,0.441,0.312,1.29,1.42,0,14.8,36.2,48.9,Clay,-999,-999,-999,-999,0.081,0.43,0.295,1.31,1.42,0,15.9,39.9,44.3,Clay,0.222,0.37,0.58,1.64,1.6,0,1.6,68.6,29.8,Silty clay loam,-999,-999,-999,-999,-999,-999,-999,-999,-999,-999,19940101,20991231
53,KETC,Ketchum Ranch,Velma,7,NW,Stephens,34.528870,-97.764840,341,South Central,STANDARD,0.043,0.397,0.072,1.45,1.45,0,44.2,33.3,22.6,Loam,-999,-999,-999,-999,0.06,0.425,0.069,1.4,1.46,0,34.9,29.1,36,Clay loam,0.061,0.411,0.069,1.23,1.66,0,20.5,27.4,52.1,Clay,0.053,0.384,0.045,1.3,1.71,0,37.2,19.6,43.1,Clay,19940101,20991231
133,KIN2,Kingfisher,Kingfisher,1,W,Kingfisher,35.854310,-97.954420,323,Central,STANDARD,0.028,0.353,0.246,1.37,1.57,0,54.7,26.4,18.9,Sandy loam,-999,-999,-999,-999,0.036,0.363,0.215,1.36,1.59,0,52.7,21.4,25.8,Sandy clay loam,0.078,0.378,0.351,1.22,1.65,0,2.9,58.8,38.3,Silty clay loam,0.063,0.39,0.19,1.27,1.59,0,0.5,65.9,33.6,Silty clay loam,20090306,20991231
54,KING,Kingfisher,Kingfisher,2,NE,Kingfisher,35.880500,-97.911210,319,Central,STANDARD,-999,-999,-999,-999,-999,-999,-999,-999,-999,-999,-999,-999,-999,-999,-999,-999,-999,-999,-999,-999,-999,-999,-999,-999,-999,-999,-999,-999,-999,-999,-999,-999,-999,-999,-999,-999,-999,-999,-999,-999,-999,-999,-999,-999,19940101,20090305
55,LAHO,Lahoma,Lahoma,1,WSW,Major,36.384350,-98.111390,396,North Central,CONTINUITY,0.037,0.394,0.095,1.44,1.37,0,21.3,59.8,18.9,Silt loam,-999,-999,-999,-999,0.063,0.418,0.151,1.33,1.44,0,13.2,53.9,33,Silty clay loam,0.068,0.387,0.214,1.24,1.62,0,12.6,51.3,36.1,Silty clay loam,0.069,0.406,0.183,1.28,1.53,0,8,57.3,34.7,Silty clay loam,19940101,20991231
56,LANE,Lane,Lane,1,WNW,Atoka,34.308760,-95.997160,181,South Central,STANDARD,0.022,0.381,0.066,1.53,1.3,0,37.8,51.5,10.7,Silt loam,-999,-999,-999,-999,0.018,0.351,0.121,1.44,1.45,0,46.8,41.3,11.9,Loam,0.018,0.339,0.107,1.45,1.51,0,48,41.4,10.7,Loam,0.046,0.359,0.03,1.57,1.68,0,42.2,39,18.9,Loam,19940101,20991231
57,MADI,Madill,Lebanon,4.5,NNW,Marshall,34.035790,-96.943940,232,South Central,STANDARD,0.017,0.344,0.147,1.41,1.49,0,57.5,37.5,5,Sandy loam,-999,-999,-999,-999,0.018,0.338,0.377,1.39,1.52,0,56.2,37.5,6.3,Sandy loam,0.049,0.345,0.262,1.29,1.68,0,48.4,30.2,21.4,Loam,0.048,0.341,0.241,1.29,1.68,0,33.5,45.2,21.3,Loam,19940101,20991231
58,MANG,Mangum,Mangum,5,SE,Greer,34.835920,-99.423980,460,Southwest,STANDARD,0.017,0.381,0.638,1.58,1.52,0,88.7,5,6.3,Sand,-999,-999,-999,-999,0.02,0.352,0.607,1.73,1.63,0,90.3,4.7,5,Sand,0.02,0.331,0.12,1.41,1.71,0,88.3,4.2,7.5,Loamy sand,0.03,0.355,0.591,1.82,1.61,0,86.6,6.3,7.1,Loamy sand,19940101,20991231
59,MARE,Marena,Coyle,7,N,Payne,36.064340,-97.212710,327,Central,STANDARD,0.049,0.374,0.042,1.48,1.63,0,38.6,35.2,26.3,Loam,-999,-999,-999,-999,0.049,0.395,0.074,1.41,1.51,0,42.3,32,25.7,Loam,0.055,0.379,0.101,1.27,1.66,0,40.3,24.6,35.1,Clay loam,0.049,0.353,0.11,1.28,1.73,0,38,31,31,Clay loam,19940101,20991231
60,MARS,Marshall,Marshall,3,SSE,Logan,36.118600,-97.601400,315,Central,STANDARD,-999,-999,-999,-999,-999,-999,-999,-999,-999,-999,-999,-999,-999,-999,-999,-999,-999,-999,-999,-999,-999,-999,-999,-999,-999,-999,-999,-999,-999,-999,-999,-999,-999,-999,-999,-999,-999,-999,-999,-999,-999,-999,-999,-999,19940101,20030923
61,MAYR,May Ranch,Freedom,16,NNE,Woods,36.987070,-99.011090,555,North Central,STANDARD,0.035,0.359,0.07,1.47,1.58,0,44.2,34.3,21.6,Loam,-999,-999,-999,-999,0.044,0.393,0.055,1.51,1.47,0,41.9,32.6,25.5,Loam,0.073,0.425,0.145,1.21,1.56,0,14.3,41.6,44.2,Silty clay,0.071,0.415,0.149,1.23,1.57,0,17,41.5,41.5,Silty clay,19940101,20991231
62,MCAL,McAlester,McAlester,4,S,Pittsburg,34.882310,-95.780960,230,East Central,STANDARD,0.019,0.41,0.56,1.41,1.32,0,66.2,25,8.8,Sandy loam,-999,-999,-999,-999,0.072,0.429,0.159,1.24,1.51,0,29.5,27.3,43.2,Clay,0.052,0.373,0.125,1.24,1.7,0,53.6,10.8,35.6,Sandy clay,0.052,0.365,0.168,1.25,1.7,0,58.3,10.1,31.6,Sandy clay loam,19940101,20991231
63,MEDF,Medford,Medford,1,SW,Grant,36.792420,-97.745770,332,North Central,STANDARD,0.044,0.43,0.041,1.64,1.25,0,15.9,66.4,17.7,Silt loam,-999,-999,-999,-999,0.061,0.418,0.082,1.38,1.46,0,13,60.8,26.2,Silt loam,0.104,0.451,0.464,1.12,1.55,0,4.5,45.1,50.4,Silty clay,0.086,0.396,0.137,1.29,1.68,0,6.4,45.5,48.1,Silty clay,19940101,20991231
64,MEDI,Medicine Park,Medicine Park,3,W,Comanche,34.729210,-98.569360,487,Southwest,STANDARD,0.033,0.34,0.101,1.38,1.7,0,63.6,18.9,17.6,Sandy loam,-999,-999,-999,-999,0.041,0.385,0.349,1.34,1.57,0,76.2,5.6,18.1,Sandy loam,0.049,0.379,0.035,1.32,1.72,0,58.3,5.7,36.1,Sandy clay,-999,-999,-999,-999,-999,-999,-999,-999,-999,-999,19940101,20991231
65,MIAM,Miami,Miami,2,NE,Ottawa,36.888320,-94.844370,247,Northeast,STANDARD,0.032,0.423,0.043,1.66,1.2,0,15.6,60.5,23.9,Silt loam,-999,-999,-999,-999,0.028,0.366,0.043,1.65,1.43,0,23.4,62.2,14.4,Silt loam,0.081,0.51,0.028,1.36,1.38,0,9.5,28,62.5,Clay,0.078,0.479,0.027,1.34,1.51,0,3.8,41,55.3,Silty clay,19940101,20991231
66,MINC,Minco,Minco,2,SSW,Grady,35.272250,-97.955530,430,Central,STANDARD,0.044,0.384,0.069,1.46,1.5,0,18.7,61.1,20.2,Silt loam,-999,-999,-999,-999,0.044,0.373,0.05,1.51,1.59,0,14.1,68.2,17.7,Silt loam,0.039,0.322,0.082,1.29,1.93,0,12.6,74.2,13.2,Silt loam,-999,-999,-999,-999,-999,-999,-999,-999,-999,-999,19940101,20991231
125,MRSH,Marshall,Marshall,4,SSE,Logan,36.116850,-97.606850,311,Central,STANDARD,0.054,0.43,0.029,1.74,1.32,0,19.9,63,17,Silt loam,-999,-999,-999,-999,0.082,0.477,0.075,1.32,1.38,0,8.3,52.9,38.8,Silty clay loam,0.072,0.411,0.186,1.16,1.64,0,11.4,47.8,40.8,Silty clay,0.078,0.401,0.299,1.14,1.67,0,13,47.6,39.4,Silty clay loam,20030925,20991231
67,MTHE,Mt Herman,Smithville,16,SW,McCurtain,34.310720,-94.822750,284,Southeast,STANDARD,0.024,0.364,0.137,1.41,1.44,0,46.6,44,9.4,Loam,-999,-999,-999,-999,0.019,0.305,0.102,1.45,1.68,0,44.2,46.4,9.4,Loam,0.049,0.36,0.135,1.31,1.65,0,36.3,37.2,26.5,Loam,0.05,0.361,0.131,1.3,1.66,0,36.9,34.7,28.4,Clay loam,19940101,20991231
68,NEWK,Newkirk,Newkirk,8,E,Kay,36.898100,-96.910350,366,North Central,STANDARD,0.063,0.419,0.099,1.35,1.47,0,13.6,56.6,29.9,Silty clay loam,-999,-999,-999,-999,0.068,0.454,0.076,1.41,1.34,0,14.9,47.4,37.7,Silty clay loam,0.07,0.446,0.071,1.41,1.41,0,5.1,55.1,39.7,Silty clay loam,0.064,0.418,0.057,1.42,1.53,0,8.7,54.2,37,Silty clay loam,19940101,20991231
123,NEWP,Newport,Ardmore,7,WNW,Carter,34.228100,-97.201420,283,South Central,STANDARD,0.027,0.363,0.03,1.75,1.43,0,53.6,41.4,5,Sandy loam,-999,-999,-999,-999,0.027,0.36,0.552,1.49,1.54,0,69.3,21.3,9.4,Sandy loam,-999,-999,-999,-999,-999,-999,-999,-999,-999,-999,-999,-999,-999,-999,-999,-999,-999,-999,-999,-999,20021003,20991231
109,NINN,Ninnekah,Ninnekah,2,NNW,Grady,34.967740,-97.952020,356,Central,STANDARD,0.04,0.418,0.103,1.42,1.32,0,43.8,36.6,19.6,Loam,-999,-999,-999,-999,0.043,0.39,0.234,1.35,1.45,0,43.9,34,22.1,Loam,0.071,0.439,0.228,1.31,1.38,0,29.1,33.6,37.4,Clay loam,0.061,0.381,0.174,1.24,1.64,0,33.4,31.1,35.6,Clay loam,19940101,20171011
69,NORM,Norman,Norman,3,NW,Cleveland,35.255600,-97.483600,360,Central,SUPER,-999,-999,-999,-999,-999,-999,-999,-999,-999,-999,-999,-999,-999,-999,-999,-999,-999,-999,-999,-999,-999,-999,-999,-999,-999,-999,-999,-999,-999,-999,-999,-999,-999,-999,-999,-999,-999,-999,-999,-999,-999,-999,-999,-999,19940101,20020730
70,NOWA,Nowata,Delaware,3,SE,Nowata,36.743740,-95.607950,206,Northeast,STANDARD,0.062,0.436,0.021,1.86,1.33,0,22,59.2,18.9,Silt loam,-999,-999,-999,-999,0.057,0.402,0.019,1.88,1.52,0,18.1,59.9,22.1,Silt loam,0.072,0.448,0.056,1.39,1.45,0,15.2,45.9,39,Silty clay loam,0.086,0.49,0.141,1.27,1.33,0,10,38.3,51.7,Clay,19940101,20991231
121,NRMN,Norman,Norman,2.1,NW,Cleveland,35.236110,-97.464880,357,Central,STANDARD,0.074,0.457,0.051,1.45,1.41,0,8.3,49,42.7,Silty clay,-999,-999,-999,-999,0.065,0.45,0.274,1.34,1.27,0,17.7,48.4,33.9,Silty clay loam,0.083,0.381,0.145,1.27,1.71,0,12.5,41.5,46,Silty clay,0.066,0.407,0.13,1.17,1.66,0,17,39.6,43.4,Clay,20020701,20991231
71,OILT,Oilton,Oilton,6,ESE,Creek,36.031260,-96.497490,255,Central,CONTINUITY,0.038,0.337,0.033,1.58,1.73,0,45.8,40.3,13.9,Loam,-999,-999,-999,-999,0.031,0.344,0.139,1.37,1.61,0,52.1,34,13.9,Sandy loam,0.036,0.371,0.242,1.35,1.5,0,48.3,35.3,16.4,Loam,0.042,0.362,0.074,1.42,1.61,0,41.9,35.4,22.7,Loam,19940101,20991231
130,OKCE,Oklahoma City East,Oklahoma City,3,E,Oklahoma,35.472260,-97.464140,355,Central,STANDARD,0.037,0.383,0.161,1.38,1.46,0,37.3,37,25.7,Loam,-999,-999,-999,-999,0.027,0.422,0.554,1.41,1.39,0,76.2,8.8,15,Sandy loam,0.024,0.299,0.195,1.34,1.85,0,73.1,14.4,12.5,Sandy loam,0.024,0.372,0.546,1.45,1.56,0,83.7,7.5,8.8,Loamy sand,20070420,20991231
128,OKCN,Oklahoma City North,Oklahoma City,6.1,N,Oklahoma,35.555600,-97.510700,362,Central,STANDARD,0.077,0.482,0.036,1.59,1.25,0,15.7,52.5,31.9,Silty clay loam,0.069,0.451,0.079,1.39,0.081,0.457,0.148,1.22,1.47,0,7.5,43.5,48.9,Silty clay,0.073,0.44,0.118,1.2,1.56,0,10,38.8,51.2,Clay,-999,-999,-999,-999,-999,-999,-999,-999,-999,-999,20070303,20180507
129,OKCW,Oklahoma City West,Oklahoma City,3.7,W,Oklahoma,35.471120,-97.582450,366,Central,STANDARD,0.07,0.443,0.071,1.35,1.43,0,26.3,42.9,30.7,Clay loam,-999,-999,-999,-999,0.055,0.39,0.041,1.49,1.58,0,27,48,25,Loam,0.048,0.372,0.056,1.45,1.61,0,21.6,59.2,19.1,Silt loam,0.054,0.375,0.03,1.5,1.73,0,16.5,62.4,21,Silt loam,20070406,20150609
72,OKEM,Okemah,Okemah,3,E,Okfuskee,35.431720,-96.262650,263,Central,STANDARD,0.041,0.37,0.09,1.42,1.53,0,27.3,49.3,23.4,Loam,-999,-999,-999,-999,0.066,0.407,0.117,1.23,1.63,0,13,39.7,47.3,Clay,0.083,0.372,0.158,1.24,1.76,0,10,39.8,50.1,Clay,0.08,0.358,0.163,1.23,1.81,0,10.4,40.3,49.3,Silty clay,19940101,20991231
73,OKMU,Okmulgee,Morris,3,SW,Okmulgee,35.582110,-95.914730,205,East Central,STANDARD,0.044,0.409,0.046,1.6,1.36,0,15.9,66.5,17.6,Silt loam,-999,-999,-999,-999,0.071,0.446,0.059,1.42,1.42,0,9.9,59.2,30.9,Silty clay loam,0.068,0.405,0.16,1.15,1.7,0,5,53.4,41.6,Silty clay,0.077,0.374,0.105,1.36,1.75,0,3.6,60.1,36.3,Silty clay loam,19940101,20991231
74,PAUL,Pauls Valley,Pauls Valley,1,SSW,Garvin,34.715500,-97.229240,291,South Central,STANDARD,0.028,0.401,0.169,1.39,1.27,0,23.3,60.4,16.3,Silt loam,-999,-999,-999,-999,0.036,0.413,0.244,1.37,1.27,0,19.5,58.9,21.6,Silt loam,0.041,0.386,0.099,1.42,1.45,0,19.2,57.5,23.3,Silt loam,0.056,0.387,0.046,1.44,1.63,0,18.3,53.2,28.5,Silty clay loam,19940101,20991231
75,PAWN,Pawnee,Pawnee,3,ENE,Pawnee,36.361140,-96.769860,283,Northeast,STANDARD,0.09,0.516,0.11,1.32,1.2,0,11.2,50.5,38.2,Silty clay loam,-999,-999,-999,-999,0.087,0.508,0.087,1.27,1.31,0,10.2,43.6,46.2,Silty clay,0.076,0.471,0.079,1.24,1.47,0,9.7,36.7,53.7,Clay,-999,-999,-999,-999,-999,-999,-999,-999,-999,-999,19940101,20991231
76,PERK,Perkins,Perkins,2,NNW,Payne,35.998650,-97.048310,292,Central,STANDARD,0.021,0.432,0.328,1.35,1.17,0,43.3,40.9,15.8,Loam,-999,-999,-999,-999,0.035,0.354,0.155,1.37,1.58,0,39.2,37.4,23.4,Loam,0.057,0.376,0.218,1.29,1.58,0,34.9,37,28.1,Clay loam,0.05,0.368,0.052,1.38,1.69,0,38.6,30.7,30.7,Clay loam,19940101,20991231
118,PORT,Porter,Clarksville,2.5,W,Wagoner,35.825700,-95.559760,193,Northeast,STANDARD,0.026,0.331,0.141,1.38,1.64,0,53.1,34.1,12.8,Sandy loam,-999,-999,-999,-999,0.032,0.345,0.156,1.36,1.61,0,47.6,36.3,16.1,Loam,0.043,0.363,0.201,1.33,1.58,0,45.2,34.3,20.5,Loam,0.037,0.363,0.218,1.34,1.55,0,51.2,31.9,16.9,Loam,19991105,20991231
114,PRES,Preston,Preston,1,N,Okmulgee,35.724700,-95.988600,300,East Central,STANDARD,-999,-999,-999,-999,-999,-999,-999,-999,-999,-999,-999,-999,-999,-999,-999,-999,-999,-999,-999,-999,-999,-999,-999,-999,-999,-999,-999,-999,-999,-999,-999,-999,-999,-999,-999,-999,-999,-999,-999,-999,-999,-999,-999,-999,19960619,20000120
77,PRYO,Pryor,Adair,5,S,Mayes,36.369140,-95.271380,201,Northeast,STANDARD,0.044,0.433,0.028,1.8,1.23,0,14.9,66.2,18.9,Silt loam,-999,-999,-999,-999,0.052,0.416,0.062,1.49,1.4,0,15.8,55.1,29.1,Silty clay loam,0.075,0.483,0.046,1.24,1.5,0,2.5,33.8,63.7,Clay,0.073,0.462,0.076,1.2,1.53,0,5.3,36.3,58.4,Clay,19940101,20991231
78,PUTN,Putnam,Putnam,3,N,Dewey,35.899040,-98.960380,589,West Central,STANDARD,0.035,0.392,0.139,1.4,1.4,0,31.6,44.3,24.1,Loam,-999,-999,-999,-999,0.045,0.366,0.087,1.4,1.6,0,24,48.2,27.9,Clay loam,0.068,0.436,0.286,1.33,1.32,0,21,49.1,30,Clay loam,0.062,0.422,0.125,1.34,1.43,0,21.8,45.5,32.7,Clay loam,19940101,20991231
79,REDR,Red Rock,Red Rock,7,SSE,Noble,36.355900,-97.153060,293,North Central,STANDARD,0.05,0.395,0.061,1.47,1.5,0,28.7,42.3,29,Clay loam,-999,-999,-999,-999,0.076,0.463,0.087,1.3,1.42,0,15.2,38.2,46.6,Clay,0.069,0.4,0.19,1.15,1.69,0,14.6,33.7,51.8,Clay,0.061,0.406,0.068,1.21,1.7,0,13.7,34.8,51.5,Clay,19940101,20991231
80,RETR,Retrop,Willow,10,ENE,Washita,35.122750,-99.360010,538,West Central,STANDARD,0.065,0.417,0.313,1.34,1.4,0,29,38.1,32.9,Clay loam,-999,-999,-999,-999,0.079,0.42,0.273,1.28,1.46,0,20,41.9,38.1,-999,0.098,0.46,0.288,1.21,1.46,0,5.2,32.6,62.1,Clay,0.138,0.483,0.524,1.2,1.37,0,5.8,37.3,56.9,Clay,19940101,20150609
81,RING,Ringling,Ringling,1,N,Jefferson,34.193650,-97.588120,283,South Central,STANDARD,0.024,0.373,0.429,1.39,1.46,0,62.4,27,10.6,Sandy loam,-999,-999,-999,-999,0.071,0.419,0.203,1.26,1.5,0,35.3,25.4,39.3,Clay loam,0.07,0.378,0.256,1.19,1.69,0,29.1,29.1,41.8,Clay,0.061,0.364,0.198,1.19,1.75,0,27.7,31.7,40.6,Clay,19940101,20991231
82,SALL,Sallisaw,Sallisaw,2,SSW,Sequoyah,35.438150,-94.798050,157,East Central,STANDARD,0.051,0.402,0.013,2.25,1.44,0,22.9,61.4,15.7,Silt loam,-999,-999,-999,-999,0.033,0.362,0.037,1.67,1.52,0,21.1,60.1,18.8,Silt loam,0.064,0.404,0.019,1.64,1.65,0,16.1,51.7,32.2,Silty clay loam,0.063,0.394,0.015,1.72,1.71,0,16.2,52.3,31.5,Silty clay loam,19940101,20991231
83,SEIL,Seiling,Seiling,7,WNW,Woodward,36.190330,-99.040300,545,North Central,STANDARD,0.035,0.417,0.173,1.38,1.31,0,39.2,38,22.8,Loam,-999,-999,-999,-999,0.05,0.396,0.155,1.35,1.48,0,35.6,34.4,30,Clay loam,0.046,0.398,0.429,1.41,1.44,0,46.7,26.7,26.7,Sandy clay loam,0.038,0.372,0.341,1.37,1.51,0,52.3,28.6,19.1,Sandy loam,19940101,20991231
143,SEMI,Seminole,Seminole,4,SSW,Seminole,35.176600,-96.700280,292,Central,STANDARD,-999,-999,-999,-999,-999,-999,-999,-999,-999,-999,-999,-999,-999,-999,-999,-999,-999,-999,-999,-999,-999,-999,-999,-999,-999,-999,-999,-999,-999,-999,-999,-999,-999,-999,-999,-999,-999,-999,-999,-999,-999,-999,-999,-999,20181031,20991231
84,SHAW,Shawnee,Shawnee,3,NNW,Pottawatomie,35.364920,-96.948220,328,Central,STANDARD,0.045,0.369,0.03,1.66,1.6,0,23.2,57.9,18.9,Silt loam,-999,-999,-999,-999,0.042,0.414,0.191,1.38,1.32,0,17.6,54.5,27.9,Silty clay loam,0.067,0.393,0.186,1.15,1.72,0,10.7,43.1,46.3,Silty clay,0.06,0.395,0.072,1.2,1.76,0,9.1,44.8,46.1,Silty clay,19940101,20991231
85,SKIA,Skiatook,Skiatook,4,NW,Osage,36.415300,-96.037060,282,Northeast,STANDARD,0.019,0.438,0.211,1.35,1.19,0,64.2,24.5,11.3,Sandy loam,-999,-999,-999,-999,0.02,0.367,0.393,1.38,1.49,0,64.3,23.8,11.9,Sandy loam,0.056,0.399,0.059,1.29,1.63,0,42.7,15.9,41.4,Clay,0.046,0.364,0.052,1.39,1.7,0,51.4,17.9,30.7,Sandy clay loam,19940101,20991231
86,SLAP,Slapout,Slapout,8,W,Beaver,36.597490,-100.261920,774,Panhandle,STANDARD,0.038,0.351,0.582,1.74,1.68,0,88.1,0,11.9,Loamy sand,-999,-999,-999,-999,0.041,0.363,0.365,1.35,1.64,0,73,7.5,19.5,Sandy loam,0.033,0.333,0.401,1.37,1.75,0,78.1,4.4,17.5,Sandy loam,0.039,0.356,0.026,1.72,1.63,0,46.6,28.9,24.5,Loam,19940101,20991231
87,SPEN,Spencer,Spencer,2,ENE,Oklahoma,35.542080,-97.341460,373,Central,STANDARD,0.028,0.409,0.338,1.35,1.43,0,74.2,9.4,16.4,Sandy loam,-999,-999,-999,-999,0.05,0.365,0.067,1.25,1.76,0,39.8,19.2,41,Clay,0.048,0.357,0.123,1.25,1.75,0,56.6,7.7,35.7,Sandy clay,-999,-999,-999,-999,-999,-999,-999,-999,-999,-999,19940101,20991231
88,STIG,Stigler,Stigler,3,WNW,Haskell,35.265270,-95.181160,173,East Central,STANDARD,0.037,0.327,0.017,1.91,1.83,0,21.9,65.5,12.6,Silt loam,-999,-999,-999,-999,0.044,0.365,0.012,2.24,1.64,0,19.6,66.6,13.8,Silt loam,0.061,0.324,0.125,1.31,1.86,0,15.3,54.8,29.9,Silty clay loam,0.072,0.346,0.135,1.28,1.83,0,11.1,50.5,38.4,Silty clay loam,19940101,20991231
89,STIL,Stillwater,Stillwater,2,W,Payne,36.120930,-97.095270,272,Central,STANDARD,0.091,0.474,0.25,1.27,1.3,0,15.7,49.6,34.8,Silty clay loam,-999,-999,-999,-999,0.055,0.387,0.072,1.36,1.6,0,24.9,47.1,28,Clay loam,0.052,0.381,0.093,1.36,1.58,0,29.4,42,28.6,Clay loam,0.058,0.396,0.077,1.2,1.7,0,25.2,29.7,45.1,Clay,19940101,20991231
90,STUA,Stuart,Stuart,3,SE,Pittsburg,34.876420,-96.069820,256,East Central,STANDARD,0.016,0.357,0.311,1.37,1.54,0,82.6,14.4,2.9,Loamy sand,0.014,0.436,0.657,1.39,0.019,0.358,0.56,1.47,1.53,0,75.4,19.2,5.4,Sandy loam,0.031,0.316,0.123,1.33,1.84,0,74.4,9.2,16.4,Sandy loam,-999,-999,-999,-999,-999,-999,-999,-999,-999,-999,19940101,20991231
91,SULP,Sulphur,Sulphur,4,NNE,Murray,34.566100,-96.950480,320,South Central,STANDARD,0.068,0.55,0.614,1.37,0.98,0,43.3,22.8,33.9,Clay loam,-999,-999,-999,-999,0.085,0.492,0.344,1.3,1.24,0,38.9,19.1,42,Clay,0.068,0.42,0.457,1.4,1.42,0,50.7,19,30.3,Sandy clay loam,0.048,0.405,0.512,1.47,1.4,0,48.2,26.5,25.3,Sandy clay loam,19940101,20991231
92,TAHL,Tahlequah,Tahlequah,4,N,Cherokee,35.972350,-94.986710,290,East Central,STANDARD,0.019,0.448,0.231,1.36,1.01,0,25.8,61.6,12.6,Silt loam,-999,-999,-999,-999,0.032,0.401,0.063,1.54,1.3,0,21.4,60.4,18.2,Silt loam,-999,-999,-999,-999,-999,-999,-999,-999,-999,-999,-999,-999,-999,-999,-999,-999,-999,-999,-999,-999,19940101,20991231
138,TALA,Talala,Talala,3.9,NW,Rogers,36.574310,-95.745150,228,Northeast,STANDARD,0.054,0.429,0.024,1.79,1.3,0,30.1,54.6,15.2,Silt loam,0.042,0.396,0.094,1.42,0.055,0.428,0.09,1.41,1.35,0,30,45.7,24.3,Loam,0.088,0.495,0.165,1.25,1.3,0,16,35.6,48.4,Clay,-999,-999,-999,-999,-999,-999,-999,-999,-999,-999,20140922,20991231
93,TALI,Talihina,Talihina,4,SE,LeFlore,34.710700,-95.011520,204,Southeast,CONTINUITY,0.031,0.396,0.089,1.46,1.36,0,45.4,35.8,18.8,Loam,-999,-999,-999,-999,0.071,0.478,0.077,1.39,1.31,0,23.4,27.2,49.4,Clay,-999,-999,-999,-999,-999,-999,-999,-999,-999,-999,-999,-999,-999,-999,-999,-999,-999,-999,-999,-999,19940101,20991231
94,TIPT,Tipton,Tipton,4,S,Tillman,34.439720,-99.137550,387,Southwest,STANDARD,0.032,0.368,0.139,1.39,1.48,0,42.6,41.6,15.8,Loam,-999,-999,-999,-999,0.034,0.349,0.19,1.36,1.58,0,43.9,38.4,17.6,Loam,0.04,0.388,0.233,1.36,1.45,0,43.1,35.4,21.5,Loam,0.04,0.357,0.101,1.39,1.61,0,42.1,34.6,23.3,Loam,19940101,20991231
95,TISH,Tishomingo,Tishomingo,6,N,Johnston,34.332620,-96.678950,268,South Central,STANDARD,0.038,0.369,0.038,1.63,1.51,0,32,50.4,17.6,Silt loam,-999,-999,-999,-999,0.06,0.402,0.034,1.5,1.58,0,27.4,43.6,29,Clay loam,0.081,0.363,0.178,1.21,1.78,0,15.9,33.1,51,Clay,0.077,0.347,0.186,1.2,1.83,0,18.7,33.9,47.4,Clay,19940101,20991231
96,TULL,Tullahassee,Tullahassee,2,ENE,Wagoner,35.839700,-95.413300,189,Northeast,STANDARD,-999,-999,-999,-999,-999,-999,-999,-999,-999,-999,-999,-999,-999,-999,-999,-999,-999,-999,-999,-999,-999,-999,-999,-999,-999,-999,-999,-999,-999,-999,-999,-999,-999,-999,-999,-999,-999,-999,-999,-999,-999,-999,-999,-999,19940101,19991104
137,TULN,Tulsa,Tulsa,4.2,NE,Tulsa,36.196660,-95.938830,209,Northeast,STANDARD,0.066,0.476,0.032,1.67,1.17,0,27.3,48.8,23.9,Loam,0.062,0.41,0.05,1.45,0.052,0.371,0.034,1.5,1.7,0,23.1,47.7,29.2,Clay loam,0.066,0.428,0.049,1.26,1.62,0,15,39.9,45.1,Clay,0.046,0.34,0.06,1.3,1.86,0,19.9,50.2,29.9,Silty clay loam,20130626,20991231
140,VALL,Valliant,Valliant,5,SSW,McCurtain,33.938606,-95.114913,120,Southeast,STANDARD,-999,-999,-999,-999,-999,-999,-999,-999,-999,-999,-999,-999,-999,-999,-999,-999,-999,-999,-999,-999,-999,-999,-999,-999,-999,-999,-999,-999,-999,-999,-999,-999,-999,-999,-999,-999,-999,-999,-999,-999,-999,-999,-999,-999,20151014,20991231
115,VANO,Vanoss,Vanoss,2.4,NE,Pontotoc,34.791460,-96.843810,320,South Central,STANDARD,0.035,0.359,0.091,1.41,1.59,0,52.8,29.6,17.6,Sandy loam,-999,-999,-999,-999,0.063,0.405,0.133,1.16,1.66,0,28,27.4,44.6,Clay,0.073,0.474,0.08,1.21,1.45,0,23.5,26.1,50.3,Clay,0.065,0.442,0.031,1.25,1.63,0,21.5,27.5,51.1,Clay,19980617,20121101
97,VINI,Vinita,Centralia,7,E,Craig,36.775360,-95.220940,236,Northeast,STANDARD,0.053,0.393,0.032,1.63,1.55,0,15.6,64.1,20.3,Silt loam,-999,-999,-999,-999,0.039,0.399,0.108,1.42,1.38,0,25.4,49.9,24.7,Loam,0.101,0.481,0.302,1.23,1.35,0,15.3,29.1,55.6,Clay,0.079,0.491,0.058,1.3,1.4,0,9.6,31,59.4,Clay,19940101,20991231
136,WAL2,Walters,Walters,4,NW,Cotton,34.399570,-98.345690,323,Southwest,STANDARD,0.027,0.376,0.403,1.37,1.52,0,73.2,15.5,11.3,Sandy loam,0.029,0.381,0.535,1.44,0.045,0.383,0.473,1.41,1.54,0,68.2,13.5,18.3,Sandy loam,0.032,0.365,0.57,1.52,1.6,0,81.6,6.5,11.9,Sandy loam,-999,-999,-999,-999,-999,-999,-999,-999,-999,-999,20120314,20991231
98,WALT,Walters,Walters,1,NW,Cotton,34.364700,-98.320250,308,Southwest,STANDARD,0.082,0.447,0.24,1.28,1.36,0,17.8,50.3,31.8,Silty clay loam,-999,-999,-999,-999,0.079,0.43,0.194,1.21,1.53,0,14.1,43.6,42.3,Silty clay,0.058,0.388,0.067,1.25,1.71,0,21.2,39.1,39.7,Clay loam,0.06,0.377,0.15,1.16,1.76,0,18.6,41,40.3,Silty clay,19940101,20120313
99,WASH,Washington,Washington,6,SSW,McClain,34.982240,-97.521090,345,Central,STANDARD,0.055,0.394,0.022,1.73,1.54,0,41.2,37.3,21.5,Loam,-999,-999,-999,-999,0.05,0.368,0.078,1.31,1.69,0,43.5,22.2,34.2,Clay loam,0.042,0.282,0.319,1.18,1.95,0,40.7,37.9,21.5,Loam,0.039,0.324,0.039,1.45,1.87,0,27,52.9,20.1,Silt loam,19940101,20991231
100,WATO,Watonga,Watonga,7,W,Blaine,35.841850,-98.526150,517,West Central,STANDARD,0.038,0.372,0.107,1.41,1.5,0,33.7,43.9,22.5,Loam,-999,-999,-999,-999,0.045,0.39,0.11,1.4,1.47,0,28.3,45.1,26.7,Loam,0.052,0.402,0.238,1.35,1.43,0,28.1,42.9,29,Clay loam,0.055,0.37,0.15,1.29,1.64,0,28.3,37.7,33.9,Clay loam,19940101,20991231
101,WAUR,Waurika,Waurika,0.5,ENE,Jefferson,34.167750,-97.988150,283,South Central,STANDARD,0.027,0.388,0.317,1.36,1.45,0,66.1,20.7,13.2,Sandy loam,-999,-999,-999,-999,0.046,0.373,0.13,1.33,1.61,0,53.1,20.9,26,Sandy clay loam,0.034,0.352,0.314,1.35,1.61,0,62.2,22.7,15.1,Sandy loam,0.026,0.313,0.22,1.34,1.77,0,68.5,19.5,12,Sandy loam,19940101,20991231
102,WEAT,Weatherford,Weatherford,4,WSW,Custer,35.508300,-98.775090,538,West Central,STANDARD,0.042,0.44,0.063,1.52,1.19,0,23.7,61.1,15.3,Silt loam,-999,-999,-999,-999,0.034,0.451,0.411,1.37,1.13,0,30.8,49.7,19.5,Loam,0.127,0.503,0.562,1.54,1.02,0,25,65.3,9.7,Silt loam,-999,-999,-999,-999,-999,-999,-999,-999,-999,-999,19940101,20991231
103,WEBB,Webbers Falls,Webbers Falls,3,S,Muskogee,35.472980,-95.132090,145,East Central,STANDARD,-999,-999,-999,-999,-999,-999,-999,-999,-999,-999,-999,-999,-999,-999,-999,-999,-999,-999,-999,-999,-999,-999,-999,-999,-999,-999,-999,-999,-999,-999,-999,-999,-999,-999,-999,-999,-999,-999,-999,-999,-999,-999,-999,-999,19940101,20080416
132,WEBR,Webbers Falls,Webbers Falls,1.5,S,Muskogee,35.489000,-95.123300,145,East Central,STANDARD,0.037,0.382,0.041,1.63,1.45,0,18.5,65.8,15.7,Silt loam,-999,-999,-999,-999,0.043,0.387,0.168,1.36,1.45,0,12.2,64.6,23.2,Silt loam,0.034,0.39,0.182,1.38,1.36,0,22.3,58.3,19.4,Silt loam,0.026,0.359,0.24,1.37,1.43,0,28.5,57,14.4,Silt loam,20080417,20991231
104,WEST,Westville,Westville,5,WNW,Adair,36.011000,-94.644960,348,East Central,STANDARD,0.022,0.422,0.079,1.51,1.1,0,18.8,67.9,13.3,Silt loam,-999,-999,-999,-999,0.037,0.403,0.142,1.41,1.35,0,11.2,60.7,28.2,Silty clay loam,-999,-999,-999,-999,-999,-999,-999,-999,-999,-999,-999,-999,-999,-999,-999,-999,-999,-999,-999,-999,19940101,20991231
105,WILB,Wilburton,Wilburton,2,SW,Latimer,34.900920,-95.348050,199,Southeast,STANDARD,0.036,0.382,0.043,1.61,1.42,0,33.1,51.7,15.1,Silt loam,-999,-999,-999,-999,0.043,0.361,0.047,1.51,1.62,0,27.8,51.3,20.9,Silt loam,0.094,0.513,0.228,1.23,1.29,0,17.6,19.8,62.6,Clay,0.105,0.489,0.321,1.2,1.37,0,8.7,27.4,63.9,Clay,19940101,20991231
106,WIST,Wister,Wister,3,ENE,LeFlore,34.984260,-94.687780,143,Southeast,STANDARD,0.053,0.398,0.028,1.7,1.51,0,17.5,61.8,20.8,Silt loam,-999,-999,-999,-999,0.052,0.405,0.115,1.38,1.45,0,9.9,61.2,28.9,Silty clay loam,0.082,0.515,0.109,1.22,1.34,0,8.8,17.9,73.3,Clay,0.079,0.486,0.105,1.21,1.44,0,4.4,24.9,70.8,Clay,19940101,20991231
107,WOOD,Woodward,Woodward,2,WSW,Woodward,36.423290,-99.416820,625,North Central,STANDARD,0.042,0.412,0.184,1.37,1.37,0,35.3,36.2,28.6,Clay loam,-999,-999,-999,-999,0.038,0.423,0.232,1.36,1.3,0,38.2,37,24.9,Loam,0.042,0.421,0.474,1.43,1.3,0,38.9,36.3,24.8,Loam,0.046,0.418,0.497,1.45,1.33,0,42.6,31.9,25.5,Loam,19940101,20991231
108,WYNO,Wynona,Wynona,2,S,Osage,36.518060,-96.342220,269,Northeast,STANDARD,0.059,0.505,0.095,1.41,1.05,0,25.4,48.3,26.3,Loam,-999,-999,-999,-999,0.071,0.438,0.162,1.28,1.41,0,34.2,37,28.8,Clay loam,0.072,0.478,0.055,1.44,1.29,0,27.1,35.2,37.7,Clay loam,0.087,0.394,0.157,1.25,1.69,0,9.8,37.2,53,Clay,19940101,20991231
142,YUKO,Yukon,Yukon,2,N,Canadian,35.556710,-97.755380,407,Central,STANDARD,-999,-999,-999,-999,-999,-999,-999,-999,-999,-999,-999,-999,-999,-999,-999,-999,-999,-999,-999,-999,-999,-999,-999,-999,-999,-999,-999,-999,-999,-999,-999,-999,-999,-999,-999,-999,-999,-999,-999,-999,-999,-999,-999,-999,20180618,20991231
